"","SiteName","R2","PVal","n"
"1","Vegetated",0.250493508844946,6.25618304279632e-33,498
"2","Concrete",7.98576636989207e-05,0.918686988108829,133
