"","SiteName","StreamType","R2","PVal","n"
"1","Benedict","Vegetated",0.284071266705499,0.0563829259640271,103
"2","Burbank","Vegetated",0.207111725730221,0.0660619353070885,62
"3","Compton","Concrete",0.0930274180247874,0.0595491527566096,78
"4","Rattlesnake","Concrete",0.250124251874565,0.0430915902336516,230
"5","Riverfront","Concrete",0.158531219474742,0.279402340412315,16
"6","Steelhead","Vegetated",0.245805255954024,0.0583531577453497,103
"7","Willow","Concrete",0.20003508744723,0.100474740205578,39
