"","SiteName","R2","PVal","n"
"1","Vegetated",0.257901007838129,0.0366376244267846,268
"2","Concrete",0.0852155246676117,0.0466311242448413,363
