"","SiteName","StreamType","R2","PVal","n"
"1","Benedict","Vegetated",0.284071266705499,6.8055080533257e-09,103
"2","Burbank","Vegetated",0.207111725730221,0.000202141621198749,62
"3","Compton","Concrete",0.0930274180247874,0.00662247556163487,78
"4","Rattlesnake","Vegetated",0.250124251874565,5.84400667263647e-16,230
"5","Riverfront","Concrete",0.158531219474742,0.1266562297182,16
"6","Steelhead","Vegetated",0.245805255954024,1.00976114070018e-07,103
"7","Willow","Concrete",0.20003508744723,0.00430806893701196,39
